Группа;Арктическая зона РФ;Республика Коми;ГО Воркута;ГО Инта;ГО Усинск;МР Усть-Цилемский;Республика Карелия;ГО Костомукша;МР Беломорский;МР Калевальский;МР Кемский;МР Лоухский;МР Сегежский;Мурманская область;ГО Мурманск;МО Ковдорский;МО Апатиты;МО Кировск;МО Мончегорск;МО Оленегорск;МО Полярные Зори;МР Кольский;МР Кандалакшский;МР Ловозерский;МР Печенгский;МР Терский;ЗАТО Североморск;ЗАТО Островной;ЗАТО Заозерск;ЗАТО Видяево;ЗАТО Александровск;Ямало-Ненецкий АО;ГО Салехард;ГО Губкинский;ГО Лабытнанги;ГО Муравленко;ГО Новый Уренгой;ГО Ноябрьск;МР Красноселькупский;МО Надымский;МО Приуральский;МО Пуровский;МО Тазовский;МР Шурышкарский;МО Ямальский;Чукотский АО;ГО Анадырь;ГО Певек;ГО Провидения;ГО Эгвекинот;МР Анадырский;МР Билибинский;МР Чукотский;Красноярский край;ГО Норильск;МР Таймырский Долгано-Ненецкий;МР Туруханский;МР Эвенкийский;Республика Саха (Якутия);МР Абыйский;МР Аллаиховский;МР Анабарский (долгано-эвенкийский);МР Булунский;МР Верхнеколымский ;МР Верхоянский;МР Жиганский;МР Момский;МР Нижнеколымский;МР Оленекский;МР Среднеколымский;МР Усть-Янский;МР Эвено-Бытантайский;Архангельская область (без НАО);МР Лешуконский;МР Мезенский;МР Онежский;МР Пинежский;МР Приморский;ГО Архангельск;ГО Новая Земля;ГО Новодвинск;ГО Северодвинск;Ненецкий АО;ГО Нарьян-Мар;МР Заполярный
мужчины 0;13079;555;276;63;176;40;334;111;37;20;43;28;95;3355;1295;66;211;128;181;135;74;184;180;33;184;15;343;9;48;30;239;3633;380;163;132;174;791;629;35;378;121;359;198;79;194;280;74;24;23;39;41;37;42;1444;1061;210;76;97;522;38;26;29;56;24;73;35;48;25;46;49;51;22;2637;24;35;114;99;135;1335;0;133;762;319;178;141
мужчины 1;13361;607;295;67;203;42;352;123;34;18;58;26;93;3422;1262;72;229;151;192;153;61;145;177;41;167;12;390;10;55;34;271;3540;390;172;106;190;753;627;34;367;122;306;200;91;182;270;45;25;19;34;65;40;42;1483;1058;222;101;102;424;19;20;11;33;21;72;22;16;22;58;85;28;17;2955;35;38;139;120;131;1451;2;147;892;308;176;132
мужчины 2;14881;664;322;88;206;48;411;141;44;25;55;28;118;3916;1484;93;254;148;219;156;88;178;191;37;222;23;422;11;59;37;294;3769;409;168;161;178;868;664;28;359;147;371;157;80;179;354;113;26;33;37;61;45;39;1674;1217;227;97;133;440;18;22;13;35;16;71;39;24;34;48;48;54;18;3314;34;46;165;125;125;1691;3;173;952;339;197;142
мужчины 3;15773;696;343;100;196;57;473;146;55;33;55;43;141;4115;1513;82;274;155;227;164;94;195;178;61;233;28;468;12;65;41;325;4048;397;182;157;234;938;646;50;450;145;350;209;103;187;334;98;27;38;34;45;59;33;1712;1284;221;92;115;576;23;26;36;52;25;78;31;53;37;50;64;74;27;3501;39;55;163;128;151;1799;6;184;976;318;194;124
мужчины 4;17596;782;376;111;239;56;458;138;51;31;71;40;127;4527;1722;90;316;157;253;163;92;202;193;71;207;37;524;14;74;46;366;4414;450;207;178;265;955;754;52;503;152;383;216;106;193;399;111;28;39;43;60;66;52;1916;1449;243;100;124;607;25;28;37;56;27;82;32;54;40;52;68;78;28;4064;41;63;186;134;158;2111;7;217;1147;429;255;174
мужчины 5;18644;864;394;114;280;76;529;184;65;37;57;39;147;4838;1863;105;304;200;254;188;113;209;247;77;214;31;529;14;74;47;369;4794;491;225;193;290;1065;868;51;540;153;406;214;106;192;341;95;33;31;24;60;57;41;1992;1513;251;102;126;649;25;29;41;58;28;88;36;60;44;57;70;83;30;4248;38;63;191;127;150;2230;7;229;1213;389;233;156
мужчины 6;18764;892;459;124;246;63;577;174;85;34;66;51;167;4679;1647;122;296;176;303;196;86;238;239;75;235;30;531;14;74;47;370;4824;502;207;214;280;1090;874;58;547;146;394;198;109;205;389;96;27;42;35;75;66;48;2072;1544;269;121;138;720;30;28;13;64;25;108;101;44;39;48;112;70;38;4220;52;87;197;143;176;2209;25;231;1100;391;209;182
мужчины 7;18602;965;484;135;279;67;572;182;68;43;83;38;158;4843;1747;97;320;168;289;206;106;240;233;45;255;22;572;15;80;50;398;4579;484;215;217;263;1004;858;46;481;147;400;200;87;177;338;93;47;31;33;36;51;47;2007;1485;270;107;145;700;47;22;59;48;26;141;36;13;48;38;103;96;23;4249;65;61;196;145;164;2144;22;240;1212;349;195;154
мужчины 8;18860;989;482;129;311;67;581;194;73;35;78;43;158;4815;1737;119;318;169;281;221;107;230;251;74;245;34;528;14;74;46;367;4828;446;234;208;292;1090;890;58;528;141;441;204;89;207;381;98;36;35;41;60;66;45;2113;1526;318;118;151;635;33;21;42;92;32;84;44;50;34;43;69;58;33;4135;43;54;221;156;190;2063;12;259;1137;383;203;180
мужчины 9;17908;924;431;146;268;79;629;177;80;49;97;48;178;4779;1574;128;302;156;283;221;98;230;260;76;298;36;573;15;80;50;399;4289;402;211;188;264;927;761;54;478;132;403;191;84;194;367;103;36;34;35;59;63;37;1944;1401;293;109;141;618;33;20;41;90;31;81;43;49;33;42;67;56;32;4032;42;53;216;153;186;2010;12;252;1108;326;173;153
мужчины 10;17764;897;432;121;278;66;595;178;81;37;82;48;169;4793;1638;126;303;196;271;224;117;249;239;66;258;39;547;14;77;48;381;4180;406;213;189;266;880;772;49;474;121;391;171;75;173;336;106;17;29;33;64;56;31;1895;1385;280;102;128;589;30;19;40;85;30;78;41;47;31;40;64;53;31;4103;33;51;210;120;146;2102;12;265;1164;376;217;159
мужчины 11;17712;916;419;134;272;91;646;191;83;33;89;59;191;4690;1608;105;312;206;312;197;122;202;231;52;294;42;517;13;72;45;360;4202;384;201;179;252;874;791;55;461;132;394;195;86;198;358;114;25;35;31;56;47;50;1874;1363;279;102;130;636;32;20;45;91;31;82;46;53;32;45;67;57;35;4026;35;51;207;126;153;2050;12;258;1134;364;218;146
мужчины 12;17310;907;411;141;284;71;622;184;84;39;75;51;189;4580;1628;127;326;183;270;198;116;204;241;55;309;34;456;12;64;40;317;4094;383;201;179;251;794;734;58;463;136;399;202;89;205;402;102;38;31;48;50;75;58;1858;1337;281;105;135;608;31;19;43;87;29;79;44;50;31;43;65;54;33;3873;36;49;202;130;159;1958;12;246;1081;366;221;145
мужчины 13;16815;865;423;125;241;76;556;137;71;41;90;61;156;4422;1579;105;305;175;262;205;117;197;244;62;246;27;460;12;65;40;321;3985;368;193;173;242;770;793;52;442;125;377;183;80;187;365;126;37;26;44;50;47;35;1697;1214;258;98;127;616;31;19;45;86;28;78;46;52;31;44;66;56;34;3999;34;52;207;127;155;2032;13;256;1123;310;181;129
мужчины 14;15467;835;379;128;272;56;556;151;70;34;81;54;166;4141;1494;100;267;145;261;200;104;192;248;63;220;26;421;11;59;37;293;3647;345;171;175;202;743;704;47;405;107;360;177;85;126;329;85;40;22;38;58;47;39;1502;1053;234;97;118;602;29;18;24;85;28;84;40;68;34;36;68;53;35;3542;35;50;192;112;160;1749;16;238;990;313;183;130
мужчины 15;15601;806;367;112;248;79;533;149;72;36;68;49;159;4072;1418;104;243;180;263;198;89;238;236;52;243;22;403;11;56;35;281;3915;368;163;214;222;795;770;37;481;128;356;155;81;145;401;112;47;20;55;54;63;50;1552;1081;214;138;119;526;30;36;60;34;22;77;41;39;40;27;62;51;7;3534;42;53;211;108;165;1746;17;218;974;262;143;119
мужчины 16;15800;760;367;109;237;47;548;158;66;35;96;46;147;4051;1558;96;289;141;228;171;104;224;230;41;183;12;397;10;56;35;276;3779;352;172;177;218;763;734;41;447;110;381;164;77;143;380;88;48;33;47;60;59;45;1617;1144;250;109;114;590;40;21;43;69;24;108;24;80;26;32;57;40;26;3796;28;49;157;78;117;1972;18;246;1131;279;153;126
мужчины 17;15481;829;430;125;234;40;505;151;57;28;70;37;162;4012;1531;120;302;147;267;154;103;213;203;55;168;8;380;10;53;33;265;3561;329;160;165;204;702;716;40;417;104;358;156;74;136;339;97;35;33;51;46;39;38;1618;1167;244;104;103;564;38;22;39;65;24;105;23;73;26;30;56;39;24;3729;26;48;153;71;107;1946;17;244;1117;324;182;142
мужчины 18;14799;740;369;118;200;53;389;120;32;16;49;33;139;4496;1516;129;348;173;477;211;119;331;346;77;138;39;303;8;43;27;211;2922;241;130;116;151;614;631;39;304;91;260;158;65;122;316;59;22;33;52;63;50;37;1325;992;171;77;85;492;32;8;34;41;13;107;42;31;23;60;34;49;18;3848;12;39;136;63;78;2134;38;218;1130;271;150;121
мужчины 19;14749;638;351;88;170;29;337;87;24;20;58;31;117;5017;1406;100;328;195;404;264;100;295;263;63;441;27;580;15;81;51;404;2628;216;117;104;135;560;584;34;270;79;230;137;57;105;229;71;25;11;36;38;28;20;1236;924;161;72;79;412;28;9;26;37;12;88;33;25;21;47;30;41;15;3992;12;40;142;65;81;2213;40;226;1173;260;152;108
мужчины 20;14007;567;330;66;133;38;295;72;32;11;51;23;106;4839;1316;73;340;166;288;303;84;246;225;54;565;29;589;15;83;52;411;2545;208;97;110;129;506;582;30;257;86;240;140;53;107;251;68;26;17;51;33;30;26;1358;1032;157;87;82;432;24;17;28;53;19;69;26;19;25;24;51;47;30;3441;15;32;115;66;65;1950;119;159;920;279;149;130
мужчины 21;13193;544;283;67;156;38;331;67;31;22;37;47;127;4507;1146;101;291;185;292;246;79;222;223;59;500;27;582;15;82;51;406;2457;204;95;108;127;548;498;28;251;81;232;133;51;101;243;82;24;17;48;23;26;23;1312;1004;150;81;77;409;22;17;26;51;18;65;25;18;22;22;47;46;30;3138;17;32;108;76;75;1748;117;142;823;252;131;121
мужчины 22;14006;611;323;88;153;47;383;88;39;33;43;43;137;4383;1204;120;292;160;310;228;65;220;201;56;453;25;538;14;75;47;375;2939;248;115;130;154;605;590;36;307;103;288;169;65;129;265;97;32;17;43;35;21;20;1365;1014;163;95;93;487;26;19;32;59;21;76;31;22;27;28;55;54;37;3317;21;36;119;95;95;1818;132;147;854;256;134;122
мужчины 23;14058;610;353;76;144;37;350;61;41;27;43;35;143;4626;1221;97;327;180;289;231;112;227;231;68;369;32;636;17;89;56;444;2770;224;104;118;139;592;586;33;279;95;263;157;60;120;320;128;30;19;50;36;43;14;1294;965;154;88;87;474;25;18;32;57;20;75;30;22;27;27;53;52;36;3361;24;37;123;105;104;1825;139;148;856;253;134;119
мужчины 24;14590;585;303;70;177;35;362;91;30;25;43;31;142;4764;1424;86;308;174;309;278;105;248;240;60;304;28;615;16;86;54;429;2899;242;113;127;150;645;578;34;298;96;276;158;61;121;312;134;38;20;43;41;36;0;1417;1045;171;100;101;569;29;21;40;68;23;89;38;27;31;34;62;62;45;3429;21;36;121;92;92;1891;133;153;890;253;140;113
мужчины 25;15216;633;332;81;176;44;410;107;43;22;42;41;155;4464;1400;110;322;198;318;206;97;259;215;52;243;34;517;14;73;45;361;3624;370;155;156;234;701;700;27;440;89;371;172;71;138;324;142;29;28;38;47;37;3;1411;1038;178;88;107;579;33;18;29;82;27;145;23;23;33;43;40;52;31;3466;21;32;100;89;105;2015;89;129;886;305;178;127
мужчины 26;15621;629;330;79;175;45;393;89;35;17;56;46;150;4537;1559;80;292;157;280;193;83;212;234;51;285;26;556;15;78;49;387;3660;366;154;154;231;719;641;31;442;97;389;197;82;157;323;144;25;20;48;31;35;20;1607;1245;187;83;92;626;36;20;30;90;30;157;24;25;36;45;43;57;33;3613;17;31;100;75;88;2136;89;137;940;233;140;93
мужчины 27;15176;665;316;84;208;57;386;98;56;27;42;28;135;4557;1461;80;285;142;316;191;56;227;228;34;307;4;629;16;88;55;438;3290;348;147;147;220;673;628;21;407;72;328;135;56;108;273;102;34;20;48;38;20;11;1539;1195;178;79;87;620;36;19;31;85;29;156;25;25;36;47;42;55;34;3653;16;30;99;71;84;2170;88;140;955;193;117;76
мужчины 28;16105;737;400;94;192;51;432;109;48;19;35;37;184;4854;1595;51;326;177;261;187;54;272;134;83;380;11;678;18;95;60;472;3358;337;142;142;213;749;610;23;399;78;333;150;62;120;237;106;21;17;13;35;34;11;1909;1552;203;79;75;540;30;21;22;91;28;133;18;18;32;33;39;51;24;3783;13;29;98;56;66;2282;86;147;1006;255;138;117
мужчины 29;17212;879;472;96;243;68;495;130;55;23;56;53;178;5291;1560;81;522;220;229;239;96;341;233;103;322;38;669;18;94;59;467;3222;353;148;150;224;691;597;18;406;66;315;116;47;91;327;111;40;17;16;75;61;7;2142;1735;228;90;89;601;33;23;23;104;31;148;18;19;37;36;45;58;26;3985;18;32;109;73;88;2372;96;153;1044;270;163;107
мужчины 30;19504;1018;524;138;282;74;593;146;70;29;73;55;220;5864;1921;152;614;274;251;249;96;362;352;76;267;36;622;16;87;55;434;3923;387;229;194;239;820;675;38;496;134;406;136;59;110;333;111;39;20;26;68;61;8;2467;2015;249;102;101;563;24;18;34;154;33;84;35;19;26;47;32;40;17;4489;19;35;150;118;158;2455;58;211;1285;254;140;114
мужчины 31;20783;1091;587;135;302;67;711;187;85;26;94;59;260;6379;2210;127;603;278;263;292;119;384;366;75;326;34;667;17;94;59;465;3866;387;229;194;238;836;654;35;491;129;392;125;55;101;302;107;39;32;16;55;41;12;2493;2017;256;109;111;582;24;17;37;155;34;86;38;20;27;50;34;41;19;5095;23;40;172;142;190;2775;66;238;1449;264;159;105
мужчины 32;23045;1121;632;122;301;66;730;211;74;47;85;60;253;7107;2430;82;479;210;295;255;95;330;277;68;565;24;1024;27;143;90;713;4540;456;270;228;281;995;741;41;579;152;464;148;65;120;425;137;49;35;46;74;61;23;2552;2055;264;115;118;562;23;17;35;152;33;83;36;19;26;48;33;39;18;5673;26;44;193;164;219;3081;74;264;1608;335;198;137
мужчины 33;25040;1303;700;153;373;77;792;259;90;41;89;65;248;7361;2586;112;448;235;248;253;111;295;239;75;577;24;1106;29;155;97;771;5397;546;323;273;336;1162;970;44;685;173;532;157;69;127;526;211;43;29;46;74;91;32;2642;2110;277;124;131;584;25;17;37;156;34;86;38;20;27;50;34;41;19;6005;29;48;207;181;242;3248;79;278;1693;430;247;183
мужчины 34;25521;1428;749;193;396;90;904;275;105;61;94;83;286;7421;2747;122;458;232;287;293;113;386;277;95;540;22;948;25;133;83;660;5788;579;341;290;357;1277;1090;43;722;178;554;159;70;128;472;168;56;34;24;71;79;40;2623;2098;274;124;127;539;23;18;33;146;31;80;34;18;24;46;32;38;16;5964;27;46;202;163;215;3255;76;278;1702;382;241;141
мужчины 35;24661;1325;656;181;404;84;901;290;104;60;104;70;273;7161;2675;137;444;254;292;296;120;386;338;113;512;20;807;21;113;71;562;5574;529;305;305;265;1363;1072;51;655;174;517;118;75;145;527;177;85;31;38;82;74;40;2552;2067;258;118;109;491;26;22;24;80;29;77;36;31;33;25;45;47;16;5716;31;42;224;121;197;3058;41;305;1697;414;269;145
мужчины 36;24287;1395;722;177;419;77;849;280;94;48;90;60;277;6940;2646;152;438;243;356;238;113;383;327;102;448;40;747;19;104;65;519;5456;530;306;305;266;1273;1101;47;649;167;501;109;69;133;491;151;61;39;34;60;96;50;2475;2005;250;114;106;485;26;22;23;80;29;77;34;30;33;24;45;47;15;5802;34;43;229;130;213;3091;42;308;1712;394;244;150
мужчины 37;24598;1272;615;162;406;89;868;274;102;44;92;69;287;6933;2568;144;434;246;355;271;128;444;359;129;458;18;708;18;99;62;492;5663;552;318;318;277;1431;1031;48;674;174;520;112;71;137;499;208;54;41;23;60;69;44;2501;2009;255;122;115;469;25;21;22;77;28;75;33;29;32;23;43;46;15;5968;35;44;236;136;222;3176;43;317;1759;425;279;146
мужчины 38;23866;1357;684;196;398;79;833;255;95;40;92;85;266;6645;2521;168;395;201;328;266;145;378;357;154;386;33;673;18;94;59;469;5413;529;305;305;265;1306;1042;46;646;166;497;107;68;131;482;165;52;27;42;78;73;45;2442;1957;250;121;114;443;24;20;21;73;26;70;32;27;31;22;40;43;14;5825;34;44;230;131;213;3103;42;309;1719;426;263;163
мужчины 39;22464;1276;681;144;364;87;870;246;87;57;99;74;307;6188;2266;126;412;194;354;227;145;426;336;131;348;28;612;16;86;54;427;5211;510;295;294;256;1197;1030;46;627;164;488;107;67;130;487;175;51;27;40;83;88;23;2235;1784;230;113;108;401;21;19;18;66;25;64;27;24;28;20;38;38;13;5412;35;40;215;129;211;2869;40;286;1587;384;241;143
мужчины 40;22426;1235;638;149;369;79;868;273;83;44;97;88;283;6078;2219;127;381;195;357;264;132;433;322;148;304;40;593;15;83;52;413;5377;494;287;324;267;1191;1118;48;666;192;503;98;70;119;488;172;66;22;53;64;89;22;2379;1890;267;116;106;457;28;22;28;68;25;58;33;29;30;38;41;45;12;5148;29;42;247;148;207;2663;37;321;1454;396;230;166
мужчины 41;21703;1274;663;150;391;70;809;239;88;39;98;62;283;6053;2209;129;351;218;357;261;145;422;355;142;292;39;581;15;81;51;405;4971;469;272;306;252;1135;977;42;625;178;462;87;61;105;448;146;57;33;51;76;62;23;2220;1760;250;109;101;434;25;21;28;63;25;55;32;29;26;36;39;43;12;5114;30;42;246;153;213;2637;36;317;1440;380;212;168
мужчины 42;21690;1192;594;167;357;74;839;235;90;42;108;83;281;6105;2194;158;361;209;352;271;103;455;335;144;299;40;607;16;85;53;423;4909;458;265;299;246;1184;930;41;611;175;452;85;60;103;472;188;57;31;33;74;56;33;2174;1719;246;108;101;426;25;20;27;62;24;54;31;28;26;36;39;42;12;5212;30;42;250;150;208;2697;36;325;1474;361;201;160
мужчины 43;20885;1179;592;167;358;62;858;230;100;36;130;61;301;5867;2246;141;376;175;383;229;118;424;293;111;313;43;520;14;73;46;362;4582;430;249;280;231;1056;875;41;576;166;433;84;59;102;419;135;55;14;35;95;59;26;2091;1647;238;106;100;394;23;19;25;58;22;50;28;26;24;33;36;39;11;5148;31;42;248;156;217;2652;36;319;1447;347;203;144
мужчины 44;21012;1113;552;168;328;65;833;225;103;42;102;75;286;5945;2192;148;392;196;348;299;149;413;327;154;292;22;518;14;73;46;362;4823;459;266;299;246;1120;903;42;611;175;453;86;60;103;427;133;71;21;38;77;65;22;2067;1628;235;105;99;392;23;19;24;59;23;49;28;25;24;32;36;40;10;5085;31;42;246;158;220;2614;35;314;1425;327;187;140
мужчины 45;20700;1167;571;193;334;69;878;195;106;46;116;90;325;5654;2255;145;364;180;382;211;123;385;303;140;275;25;444;12;62;39;309;4711;413;248;277;257;1102;893;43;619;156;461;78;67;97;439;121;71;43;42;70;66;26;2300;1856;250;93;101;394;25;17;15;51;28;64;25;13;28;17;48;45;18;4815;37;50;221;174;202;2500;22;317;1292;342;197;145
мужчины 46;20310;1097;545;182;279;91;888;215;103;48;117;87;318;5688;2111;135;380;184;341;213;165;420;327;126;264;45;501;13;70;44;349;4700;408;245;275;255;1103;901;43;615;156;458;77;68;96;441;121;64;25;48;85;73;25;2198;1765;241;92;100;375;24;17;14;49;25;63;23;13;27;17;43;43;17;4602;37;49;213;170;198;2385;18;303;1229;321;177;144
мужчины 47;19181;1055;524;164;292;75;765;160;106;40;110;72;277;5572;2263;114;333;165;273;236;138;340;274;132;304;41;492;13;69;43;342;4312;371;222;249;231;973;793;46;568;152;448;83;73;103;373;103;64;31;24;62;60;29;2084;1672;229;87;96;374;24;17;15;48;24;63;24;13;27;17;43;42;17;4385;33;45;200;151;176;2289;17;291;1183;261;152;109
мужчины 48;19477;1097;559;176;277;85;807;172;96;53;118;79;289;5435;2121;123;339;196;300;224;144;374;308;103;307;43;438;11;61;38;305;4559;396;238;266;248;1035;908;41;596;152;445;75;66;93;439;124;64;19;46;75;88;23;2108;1699;229;87;93;373;24;16;15;47;23;62;25;14;26;18;43;42;18;4352;35;45;201;159;185;2258;17;287;1165;307;168;139
мужчины 49;18412;1102;570;185;258;89;766;171;108;50;88;90;259;5192;2101;116;311;191;266;205;120;327;304;116;270;46;420;11;59;37;292;4300;379;227;255;237;922;860;41;572;147;430;74;65;91;364;93;46;22;33;84;58;28;2017;1621;221;84;91;372;23;16;15;47;23;62;25;14;26;18;43;42;18;4038;31;42;185;143;167;2102;16;267;1085;261;142;119
мужчины 50;18010;1047;536;205;231;75;707;146;87;50;101;87;236;5003;2066;119;342;192;270;174;118;321;273;87;245;43;386;10;54;34;269;4334;318;255;226;305;997;857;41;517;126;448;95;63;86;395;100;63;34;39;88;45;26;1992;1594;225;96;77;376;24;19;17;43;31;59;20;20;26;12;48;44;13;3880;43;56;199;175;157;1959;21;230;1040;276;143;133
мужчины 51;16687;932;468;173;235;56;690;146;104;35;107;90;208;4631;1909;132;310;161;222;172;109;308;262;96;247;47;336;9;47;30;234;3964;295;235;209;282;845;805;38;480;120;422;91;60;82;367;75;67;34;33;95;41;22;1804;1427;209;92;76;352;24;16;16;40;29;56;20;19;24;12;43;40;13;3732;40;53;190;164;146;1891;20;222;1006;215;107;108
мужчины 52;15984;934;469;175;218;72;649;129;95;31;71;81;242;4561;1875;142;341;164;242;152;112;299;281;71;235;28;318;8;44;28;221;3698;267;213;189;256;807;741;38;441;113;400;91;60;82;360;81;76;17;28;83;59;16;1698;1335;198;89;76;369;25;16;17;42;29;59;21;21;25;13;45;42;14;3473;39;51;177;159;142;1751;18;205;931;242;128;114
мужчины 53;15260;905;488;141;199;77;605;117;89;39;75;58;227;4193;1690;95;276;152;263;138;83;288;252;78;236;43;307;8;43;27;214;3364;248;197;175;237;706;655;36;410;105;374;86;57;78;379;67;68;32;44;63;76;29;1623;1275;190;86;72;365;24;15;18;40;29;57;22;22;25;13;45;41;14;3576;44;54;186;181;161;1780;19;208;943;250;120;130
мужчины 54;15594;831;391;124;224;92;605;133;89;42;77;62;202;4338;1838;116;284;151;215;171;85;318;226;73;200;34;322;8;45;28;224;3499;264;210;187;252;832;653;30;424;102;360;72;48;65;339;79;68;15;25;68;58;26;1663;1303;195;89;76;367;25;15;18;41;28;57;23;22;25;13;44;41;15;3703;46;56;193;190;169;1840;19;215;975;249;115;134
мужчины 55;15846;899;451;144;211;93;674;146;87;42;103;92;204;4375;1861;97;320;181;235;162;94;283;227;86;183;42;310;8;43;27;216;3760;251;226;197;259;805;795;48;441;101;420;72;54;91;375;73;66;37;29;74;68;28;1355;992;167;108;88;368;24;13;16;38;26;63;24;15;27;21;43;50;8;3773;57;80;182;185;178;1798;13;201;1079;267;124;143
мужчины 56;15767;958;466;154;215;123;648;145;91;52;90;85;185;4398;1887;114;332;138;269;187;102;289;230;90;188;40;273;7;38;24;190;3504;238;215;187;246;784;675;46;417;95;397;67;51;86;421;99;71;34;23;114;55;25;1408;1034;173;111;90;369;24;15;15;37;26;62;24;16;26;22;43;50;9;3836;60;82;187;196;189;1815;15;203;1089;225;123;102
мужчины 57;16240;840;413;163;185;79;665;146;93;59;100;81;186;4536;1902;118;280;161;283;167;102;307;275;83;207;58;303;8;43;27;212;3825;255;230;200;264;883;764;48;445;101;421;70;54;90;373;75;77;21;30;74;67;29;1471;1064;182;122;103;377;25;15;16;38;25;63;25;17;27;23;43;51;9;3909;64;85;192;208;200;1839;15;205;1101;244;125;119
мужчины 58;16374;1027;425;168;317;117;744;145;100;58;98;94;249;4462;1846;128;304;145;293;156;119;291;264;71;215;53;296;8;41;26;206;3820;255;230;200;264;873;739;50;449;103;431;74;57;95;346;72;55;43;26;73;51;26;1461;1049;183;124;105;384;25;15;17;39;25;64;26;17;27;24;44;51;10;3848;66;85;191;215;207;1795;15;200;1074;282;140;142
мужчины 59;16617;956;439;166;248;103;781;205;85;58;122;93;218;4487;1847;124;318;145;311;173;108;320;268;68;192;21;303;8;43;27;211;3689;246;222;193;254;791;773;48;432;100;414;71;54;91;367;80;52;24;36;91;59;25;1529;1095;191;131;112;394;26;16;17;40;27;66;26;17;28;24;45;52;10;4128;75;94;207;242;233;1909;15;212;1141;286;136;150
мужчины 60;16135;1054;489;207;230;128;827;213;99;60;101;105;249;4619;1836;144;317;166;284;209;110;323;278;65;220;32;324;9;46;29;227;3558;237;176;179;195;793;814;48;438;75;402;75;55;71;319;73;46;21;39;61;51;28;1129;717;187;119;106;372;22;18;15;36;40;61;11;14;26;14;56;45;14;3988;61;90;227;250;203;1782;12;193;1170;269;134;135
мужчины 61;15141;1000;449;198;223;130;890;259;106;75;106;86;258;4216;1783;123;310;158;272;157;76;284;233;79;171;58;262;7;37;23;183;3315;218;161;163;179;694;791;48;406;70;384;74;55;72;306;70;53;18;33;63;63;6;1040;656;173;111;100;353;22;15;14;33;40;58;12;13;26;14;53;40;13;3752;58;85;214;236;192;1674;13;181;1099;269;143;126
мужчины 62;14244;932;424;195;207;106;763;213;89;47;101;93;220;3999;1534;106;291;154;256;160;102;272;276;77;199;31;278;7;39;24;193;3057;197;146;148;162;704;713;42;366;63;341;64;48;63;284;62;42;21;41;41;50;27;998;625;166;109;98;324;20;14;13;30;37;53;11;12;24;13;48;36;13;3639;58;83;208;233;189;1618;13;175;1062;248;126;122
мужчины 63;13111;785;375;139;174;97;751;228;119;44;68;73;219;3710;1517;104;262;151;251;137;89;236;254;58;142;38;242;6;34;21;168;2568;174;129;131;144;532;605;35;322;54;295;54;40;53;238;39;48;20;32;67;26;6;966;602;161;107;96;318;20;14;13;30;35;52;11;12;23;13;47;36;12;3557;53;79;201;214;173;1599;13;173;1052;218;102;116
мужчины 64;11920;706;313;137;177;79;687;204;89;58;75;84;177;3437;1417;98;251;107;216;118;92;261;204;59;150;55;211;5;29;18;146;2083;136;101;102;112;430;508;30;254;44;240;46;35;45;228;52;49;14;40;39;27;7;897;560;149;99;89;284;18;12;12;27;32;46;10;11;21;11;42;31;11;3363;51;75;191;205;167;1509;11;163;991;235;110;125
мужчины 65;11228;655;286;133;158;78;674;176;81;53;96;84;184;3239;1303;120;230;117;244;133;89;206;237;62;103;26;188;5;27;17;132;1855;172;93;117;87;316;447;19;236;43;182;45;43;55;238;49;47;12;17;65;46;2;637;365;115;92;65;260;22;15;10;30;20;37;11;14;17;7;29;40;8;3470;58;72;170;170;206;1617;6;179;992;200;96;104
мужчины 66;10546;590;257;110;147;76;640;176;81;44;82;70;187;3154;1311;67;246;127;241;116;80;231;207;59;101;23;176;5;25;16;123;1597;147;80;100;74;258;408;16;201;37;155;39;36;46;208;40;37;20;29;46;28;8;634;366;115;91;62;246;20;13;9;27;17;35;12;13;17;7;29;38;9;3284;53;66;159;153;185;1544;6;171;947;193;96;97
мужчины 67;9046;522;231;103;120;68;547;145;76;35;86;65;140;2853;1190;103;225;106;160;101;62;168;240;54;94;48;154;4;22;14;108;1216;114;62;77;57;197;298;13;156;28;120;30;28;36;140;38;34;12;8;24;16;8;536;311;97;76;52;225;18;12;9;25;16;32;11;12;15;6;26;35;8;2840;47;58;138;135;162;1331;5;148;816;167;85;82
мужчины 68;8299;454;191;86;112;65;458;134;74;27;58;55;110;2612;1126;89;186;135;166;79;79;163;218;46;77;18;118;3;17;10;82;1024;97;52;66;49;153;235;13;133;26;108;30;27;35;133;20;19;5;10;46;26;7;522;304;94;74;50;195;16;10;7;22;14;28;9;10;14;5;22;31;7;2755;44;55;133;126;151;1300;5;144;797;146;82;64
мужчины 69;7659;396;182;71;90;53;482;137;57;26;42;67;153;2344;925;89;195;83;134;90;78;173;191;30;76;21;133;3;19;12;92;874;79;43;53;40;147;198;11;109;22;91;26;24;31;124;39;23;6;15;26;9;6;479;279;86;68;46;175;14;9;6;20;13;24;8;9;12;5;21;28;6;2643;39;51;126;111;134;1262;4;141;775;142;68;74
мужчины 70;6857;355;148;85;79;43;448;114;66;17;51;72;128;2068;894;58;199;94;129;77;67;119;161;31;74;31;68;2;10;6;48;861;94;33;63;41;107;199;14;115;33;91;36;24;11;102;34;10;6;12;21;12;7;239;115;47;43;34;187;19;17;3;20;17;28;6;7;18;5;18;24;5;2502;34;37;110;86;122;1326;0;130;657;95;49;46
мужчины 71;6370;333;156;55;86;36;434;109;68;22;54;52;129;1975;849;52;186;88;123;75;62;113;157;29;68;27;75;2;10;7;52;578;62;21;40;26;71;135;10;77;22;63;26;16;9;86;29;8;4;11;18;10;6;220;107;43;38;32;131;12;7;3;13;14;18;6;7;10;3;16;19;3;2484;33;37;110;86;124;1313;0;133;648;129;66;63
мужчины 72;4741;323;144;56;85;38;433;110;59;23;56;56;129;1470;638;39;140;66;93;55;46;81;114;21;51;20;54;1;8;5;38;385;40;13;25;17;44;84;8;49;16;45;22;14;8;62;21;6;3;8;13;7;4;173;85;34;30;24;103;9;5;2;10;11;15;5;6;7;3;13;14;3;1705;21;25;74;55;79;909;0;92;450;87;45;42
мужчины 73;4258;212;98;46;38;30;243;64;34;10;39;27;69;1392;597;37;131;61;87;53;44;80;111;21;48;19;53;1;7;5;37;361;39;13;25;17;44;84;6;48;14;39;16;10;6;73;25;7;4;9;15;8;5;158;81;31;26;20;85;8;5;2;8;9;12;4;5;6;2;10;12;2;1679;21;25;72;54;78;895;0;91;443;55;32;23
мужчины 74;3558;172;72;32;51;17;282;56;42;14;40;42;88;1070;462;28;101;48;67;41;34;60;84;16;37;14;39;1;6;4;28;235;27;10;18;12;32;61;2;34;7;22;5;3;2;45;15;4;2;6;10;5;3;117;60;23;19;15;74;7;4;2;7;8;10;3;4;5;2;9;11;2;1491;18;21;64;47;67;798;0;81;395;72;34;38
мужчины 75;2087;127;69;24;16;18;167;39;22;7;19;19;61;644;277;17;61;29;40;25;21;37;51;10;22;8;24;1;3;2;16;149;16;5;10;6;17;32;3;19;7;17;9;5;3;26;9;2;1;3;6;3;2;68;35;13;11;9;57;5;3;1;5;6;8;3;3;4;2;7;8;2;823;8;11;34;21;30;450;0;46;223;26;14;12
мужчины 76;1508;66;34;10;19;3;108;30;15;2;15;17;29;505;222;13;49;23;32;19;15;27;38;7;17;7;18;0;3;2;13;113;11;3;7;4;12;22;3;13;6;15;9;5;3;18;6;2;1;2;4;2;1;53;28;10;8;7;37;4;1;1;4;4;5;2;2;2;1;5;5;1;581;7;8;25;17;25;313;0;32;154;27;17;10
мужчины 77;1154;53;31;10;6;6;97;21;19;0;10;13;34;362;162;9;36;16;23;13;11;18;27;5;12;4;14;0;2;1;9;75;8;3;5;3;9;17;1;10;3;9;4;2;1;18;6;2;1;2;4;2;1;45;23;9;7;6;30;3;1;1;3;4;4;1;1;2;1;4;4;1;457;5;7;19;13;19;247;0;25;122;17;5;12
мужчины 78;1408;47;24;14;6;3;74;14;9;1;15;8;27;436;190;11;42;20;28;16;13;25;34;7;15;6;16;0;2;1;10;85;8;2;5;3;8;16;3;10;4;11;7;5;3;24;8;2;1;3;5;3;2;59;31;11;9;8;32;3;1;1;3;4;5;1;2;2;1;4;4;1;622;7;9;27;18;26;335;0;34;166;29;6;23
мужчины 79;2145;61;32;15;8;6;75;12;13;4;13;11;22;695;304;18;67;31;44;26;21;38;54;10;23;9;25;1;4;2;18;101;11;4;7;5;12;23;2;14;4;10;4;3;2;24;8;2;1;3;5;3;2;86;43;17;14;12;37;3;2;1;3;4;5;2;2;3;1;4;6;1;1030;12;14;44;31;45;554;0;56;274;36;19;17
мужчины 80;1834;73;35;14;16;8;102;22;10;8;10;10;42;556;242;14;53;25;35;21;18;31;43;8;19;7;20;1;3;2;14;78;9;3;5;3;9;18;1;11;3;9;4;2;1;15;5;1;1;2;3;2;1;86;44;17;14;11;39;3;2;1;4;4;5;2;2;3;1;5;6;1;855;11;13;38;29;42;453;0;46;223;30;14;16
мужчины 81;1744;74;41;16;9;8;111;24;20;12;13;11;31;519;226;13;50;23;33;19;16;29;41;8;17;7;19;0;3;2;13;75;8;3;5;3;9;17;1;10;3;9;4;2;1;15;5;1;1;2;3;2;1;81;41;16;13;11;37;3;2;1;4;4;5;2;2;2;1;5;5;1;803;11;12;36;29;41;423;0;43;208;29;14;15
мужчины 82;1574;86;40;16;18;12;92;22;10;8;12;12;28;466;203;12;44;21;29;17;15;26;36;7;16;6;18;0;2;2;12;63;7;2;4;3;8;15;1;8;2;7;3;2;1;13;4;1;1;2;3;1;1;73;37;14;12;10;34;3;1;1;3;4;5;2;2;2;1;4;5;1;721;10;11;32;26;37;380;0;38;187;26;12;14
мужчины 83;1518;69;32;19;10;8;96;21;12;3;10;13;37;452;197;12;43;21;29;17;14;25;35;7;15;6;17;0;2;1;11;63;7;2;4;3;8;15;1;8;2;7;3;2;1;13;4;1;1;2;3;1;1;70;36;14;11;9;33;3;1;1;3;4;5;1;2;2;1;4;5;1;697;9;11;30;23;34;370;0;37;183;25;12;13
мужчины 84;1071;54;29;10;7;8;72;12;9;6;10;8;27;314;136;8;30;14;20;12;10;17;25;4;11;5;11;0;2;1;8;43;4;2;3;2;5;10;1;5;2;5;2;1;1;9;3;1;0;1;2;1;1;50;25;10;8;7;24;2;1;1;2;3;3;1;1;2;1;3;3;1;488;7;8;22;18;26;255;0;26;126;17;8;9
мужчины 85;639;36;18;6;5;7;52;6;8;6;10;6;16;151;65;4;14;6;9;6;5;8;12;3;5;2;6;0;1;1;4;37;4;1;2;1;4;7;1;4;2;5;3;2;1;3;1;0;0;1;1;0;0;28;13;5;5;5;20;2;1;0;2;2;3;1;1;2;1;2;2;1;303;5;5;14;13;19;155;0;16;76;9;4;5
мужчины 86;475;29;18;6;3;2;38;7;9;2;8;5;7;115;50;2;11;5;7;5;3;6;9;1;4;1;6;0;1;0;4;25;2;1;1;1;3;5;1;3;1;3;2;1;1;1;1;0;0;0;0;0;0;22;10;5;4;3;13;2;0;0;2;1;2;1;1;0;0;2;2;0;226;4;4;10;9;13;116;0;12;58;6;3;3
мужчины 87;349;9;6;3;0;0;21;3;4;3;2;3;6;90;39;2;9;4;5;3;3;5;7;1;3;1;4;0;1;0;3;22;2;1;1;1;2;4;1;2;1;3;2;1;1;0;0;0;0;0;0;0;0;18;8;3;4;3;7;0;0;0;0;1;1;1;1;0;0;1;2;0;177;3;2;9;7;11;91;0;9;45;5;2;3
мужчины 88;388;25;15;3;2;5;25;2;8;1;2;3;9;95;41;2;9;4;6;3;3;5;7;1;3;1;5;0;1;0;4;22;2;1;1;1;2;4;1;2;1;3;2;1;1;0;0;0;0;0;0;0;0;18;8;3;4;3;9;0;0;0;2;1;1;1;1;0;0;1;2;0;188;3;3;9;8;11;96;0;10;48;6;3;3
мужчины 89;306;15;8;5;1;1;18;3;3;1;4;2;5;78;34;2;7;3;5;3;2;4;6;1;2;1;4;0;1;0;3;18;1;1;1;1;2;3;1;2;1;2;1;1;1;0;0;0;0;0;0;0;0;15;7;3;3;2;6;0;0;0;0;1;1;0;1;0;0;1;2;0;152;2;2;7;6;9;79;0;8;39;4;2;2
мужчины 90;334;10;7;2;1;0;14;1;2;0;2;2;7;88;39;2;8;4;5;3;2;5;7;1;3;1;4;0;1;0;3;20;2;1;1;1;2;4;1;2;1;2;1;1;1;0;0;0;0;0;0;0;0;16;8;3;3;2;7;0;0;0;0;1;1;1;1;0;0;1;2;0;174;3;2;8;7;10;90;0;9;45;5;2;3
мужчины 91;202;3;3;0;0;0;19;2;4;2;1;5;5;53;23;1;5;2;3;2;1;3;5;1;2;1;3;0;0;0;1;10;1;0;1;0;1;2;0;1;0;2;1;1;0;0;0;0;0;0;0;0;0;9;4;2;1;2;1;0;0;0;0;0;1;0;0;0;0;0;0;0;104;2;2;5;4;6;54;0;5;26;3;1;2
мужчины 92;161;4;2;1;1;0;2;0;1;0;0;0;1;45;20;1;4;2;3;1;1;2;3;0;1;1;4;0;0;0;2;9;1;0;1;0;1;2;0;1;0;2;1;0;0;0;0;0;0;0;0;0;0;8;4;2;1;1;1;0;0;0;0;0;1;0;0;0;0;0;0;0;89;1;2;4;4;5;46;0;5;22;3;1;2
мужчины 93;129;9;4;4;0;1;3;0;0;0;1;0;2;36;16;1;3;2;2;1;1;2;2;0;1;0;3;0;0;0;2;4;1;0;0;0;1;1;0;1;0;0;0;0;0;0;0;0;0;0;0;0;0;6;3;1;1;1;0;0;0;0;0;0;0;0;0;0;0;0;0;0;69;1;1;3;2;4;36;0;4;18;2;1;1
мужчины 94;95;6;5;0;0;1;1;0;0;0;0;0;1;27;12;1;3;1;2;1;1;1;2;0;1;0;1;0;0;0;1;3;0;0;0;0;1;1;0;1;0;0;0;0;0;0;0;0;0;0;0;0;0;5;2;1;1;1;0;0;0;0;0;0;0;0;0;0;0;0;0;0;52;1;0;2;2;3;28;0;3;13;1;1;0
мужчины 95;67;2;1;1;0;0;0;0;0;0;0;0;0;21;9;0;2;1;1;1;1;1;1;0;1;0;2;0;0;0;1;1;0;0;0;0;0;1;0;0;0;0;0;0;0;0;0;0;0;0;0;0;0;2;2;0;0;0;0;0;0;0;0;0;0;0;0;0;0;0;0;0;40;1;0;2;1;2;22;0;2;10;1;1;0
мужчины 96;49;3;2;0;0;1;0;0;0;0;0;0;0;15;6;0;1;1;1;0;0;1;1;0;0;0;3;0;0;0;1;1;0;0;0;0;0;1;0;0;0;0;0;0;0;0;0;0;0;0;0;0;0;1;1;0;0;0;0;0;0;0;0;0;0;0;0;0;0;0;0;0;28;0;0;1;1;1;15;0;2;8;1;1;0
мужчины 97;33;2;2;0;0;0;0;0;0;0;0;0;0;10;5;0;1;0;1;0;0;0;1;0;0;0;1;0;0;0;1;1;0;0;0;0;0;1;0;0;0;0;0;0;0;0;0;0;0;0;0;0;0;1;1;0;0;0;0;0;0;0;0;0;0;0;0;0;0;0;0;0;19;0;0;1;1;1;10;0;1;5;0;0;0
мужчины 98;25;1;1;0;0;0;2;0;0;0;0;0;2;8;4;0;1;0;1;0;0;0;1;0;0;0;1;0;0;0;0;0;0;0;0;0;0;0;0;0;0;0;0;0;0;0;0;0;0;0;0;0;0;1;1;0;0;0;0;0;0;0;0;0;0;0;0;0;0;0;0;0;13;0;0;0;0;0;8;0;1;4;0;0;0
мужчины 99;17;0;0;0;0;0;0;0;0;0;0;0;0;6;3;0;1;0;0;0;0;0;0;0;0;0;1;0;0;0;1;0;0;0;0;0;0;0;0;0;0;0;0;0;0;0;0;0;0;0;0;0;0;1;1;0;0;0;0;0;0;0;0;0;0;0;0;0;0;0;0;0;10;0;0;0;0;0;6;0;1;3;0;0;0
мужчины 100;60;1;1;0;0;0;1;1;0;0;0;0;0;19;9;0;2;1;1;1;1;1;1;0;1;0;1;0;0;0;0;1;0;0;0;0;0;1;0;0;0;0;0;0;0;0;0;0;0;0;0;0;0;2;2;0;0;0;0;0;0;0;0;0;0;0;0;0;0;0;0;0;35;0;0;1;1;1;20;0;2;10;1;1;0
женщины 0;12635;466;216;47;164;39;318;107;34;22;35;33;87;3182;1249;62;209;118;159;124;48;146;179;40;169;25;335;9;47;29;234;3461;299;141;155;162;735;603;30;382;121;351;188;91;203;275;63;24;17;46;55;43;27;1478;1080;203;85;110;559;23;25;40;55;25;80;27;60;30;65;48;38;43;2620;30;28;121;85;111;1295;0;170;780;276;175;101
женщины 1;12965;542;248;68;176;50;380;124;58;21;49;28;100;3357;1234;60;212;126;160;146;59;158;174;39;209;23;389;10;54;34;270;3475;356;158;124;167;764;605;30;388;124;308;178;90;183;284;71;21;19;41;58;30;44;1412;1066;183;73;90;452;22;18;44;35;18;61;36;27;20;46;72;41;12;2791;34;42;118;118;120;1359;4;157;839;272;156;116
женщины 2;13880;584;268;79;187;50;391;138;39;27;46;28;113;3658;1349;65;272;160;207;149;73;149;187;43;210;8;403;11;56;35;281;3614;397;161;148;178;795;632;38;379;129;304;176;81;196;315;71;26;33;35;76;42;32;1589;1181;183;82;143;446;27;13;16;49;20;60;13;53;17;86;41;37;14;3003;33;42;135;125;146;1502;1;173;846;280;180;100
женщины 3;15005;731;383;91;210;47;402;137;39;33;43;39;111;3871;1448;86;254;168;201;134;72;172;213;70;190;12;437;11;61;38;304;3784;382;174;154;207;836;695;43;394;128;326;175;87;183;334;96;27;24;29;67;47;44;1588;1156;216;102;114;517;18;19;38;61;18;94;37;26;34;33;61;53;25;3427;39;43;148;114;138;1732;7;197;1009;351;206;145
женщины 4;16430;761;348;97;260;56;452;154;40;27;73;33;125;4329;1613;96;274;151;261;141;93;203;219;63;228;28;492;13;69;43;342;4041;420;191;169;228;880;744;43;429;133;349;179;89;187;316;93;23;31;31;45;61;32;1792;1324;238;109;121;570;20;20;42;67;19;104;41;29;38;36;67;59;28;3790;43;48;163;126;151;1916;8;218;1117;379;229;150
женщины 5;17616;824;410;103;254;57;555;191;73;27;67;54;143;4580;1743;123;251;176;251;192;86;199;232;45;209;20;540;14;76;47;376;4499;464;211;186;252;975;805;51;478;153;393;209;104;218;387;108;30;44;48;76;42;39;1844;1362;245;113;124;619;22;21;46;71;20;112;46;32;40;41;74;64;30;3935;46;48;169;132;158;1989;8;227;1158;373;232;141
женщины 6;17753;885;447;107;273;58;555;173;74;42;66;42;158;4629;1668;115;296;202;273;188;100;273;219;51;227;31;506;13;71;44;352;4506;470;196;202;249;975;869;52;477;124;429;181;88;194;366;88;39;30;31;66;65;47;1929;1405;266;108;150;690;31;27;44;78;37;97;78;21;39;33;96;62;47;3851;44;67;211;154;193;1979;10;200;993;342;194;148
женщины 7;17752;952;448;130;314;60;569;173;80;33;87;30;166;4580;1623;94;305;179;261;197;101;248;238;58;215;23;531;14;75;47;371;4526;466;198;196;243;980;867;63;515;139;381;169;92;217;341;106;34;19;33;29;65;55;1906;1428;250;121;107;581;28;31;38;83;25;80;49;48;31;43;61;50;14;3945;46;54;203;151;153;1995;9;227;1107;352;211;141
женщины 8;17738;916;478;107;276;55;565;179;68;35;69;46;168;4654;1604;125;317;165;285;209;125;244;241;87;220;35;511;13;72;45;356;4450;427;217;195;267;927;816;47;519;143;406;201;92;193;330;97;23;29;41;54;47;39;1988;1429;286;130;143;623;31;24;25;68;31;90;45;43;41;52;82;70;21;3854;42;53;208;147;188;1941;18;225;1032;358;188;170
женщины 9;17010;934;444;136;277;77;604;186;70;43;85;43;177;4512;1537;89;314;199;291;210;99;230;197;64;273;36;499;13;70;44;347;4077;396;201;181;248;864;710;43;482;132;375;184;84;177;313;88;24;24;25;64;46;42;1863;1338;268;122;135;605;30;22;25;67;29;87;46;43;38;52;79;66;21;3771;41;52;205;146;187;1896;18;219;1007;331;180;151
женщины 10;16812;933;450;151;268;64;595;181;76;40;78;50;170;4449;1479;111;323;191;270;196;104;227;247;71;235;27;495;13;70;44;346;3915;392;199;179;246;785;733;38;471;120;357;164;74;157;346;89;28;26;36;61;70;36;1792;1308;253;111;120;578;28;22;23;63;28;84;43;41;37;49;76;64;20;3874;32;50;200;111;143;2011;18;234;1075;330;196;134
женщины 11;16783;861;390;152;245;74;571;152;76;36;80;45;182;4395;1602;102;299;184;266;189;91;209;221;57;228;28;472;12;66;41;328;4052;396;201;181;248;800;763;42;481;130;373;181;82;174;334;93;23;38;31;71;36;42;1773;1283;253;113;124;617;29;22;26;67;30;88;47;45;38;54;81;68;22;3832;35;50;201;122;157;1970;18;229;1050;348;203;145
женщины 12;16463;834;398;114;252;70;578;169;83;35;75;43;173;4346;1453;122;322;166;289;197;94;206;240;78;241;33;464;12;65;41;323;3893;381;193;173;238;784;694;42;463;128;362;180;82;173;358;101;26;33;32;73;48;45;1708;1216;249;115;128;589;29;21;25;64;28;83;45;43;37;52;77;64;21;3818;33;50;199;118;151;1969;18;229;1051;339;203;136
женщины 13;15995;915;413;143;269;90;590;157;92;32;83;68;158;4019;1478;97;293;156;217;172;91;200;207;39;221;22;424;11;59;37;295;3964;379;192;171;237;806;733;45;461;132;363;184;84;177;340;97;28;21;27;71;50;46;1613;1147;235;109;122;590;28;19;25;64;29;82;46;44;35;54;79;65;20;3642;34;49;193;120;156;1863;17;216;994;322;195;127
женщины 14;14670;822;401;119;247;55;529;123;65;40;93;56;152;3857;1296;99;316;153;268;164;99;191;222;67;198;27;389;10;54;34;270;3513;312;177;165;206;762;615;32;386;106;357;192;72;131;348;82;34;27;44;54;74;33;1526;1102;223;98;103;501;46;20;35;61;33;70;24;25;40;30;56;41;20;3275;27;44;179;107;135;1648;9;191;935;299;174;125
женщины 15;14666;796;390;111;214;81;525;138;70;38;84;44;151;3741;1272;98;277;153;230;169;100;176;245;55;195;20;385;10;54;34;268;3701;339;180;192;212;741;674;43;412;114;406;166;61;161;352;91;40;36;44;47;42;52;1562;1086;239;118;119;453;17;21;39;38;28;78;31;40;26;42;44;40;9;3228;28;34;178;81;140;1693;12;199;863;308;171;137
женщины 16;15045;739;373;106;208;52;534;130;64;33;79;60;168;3944;1384;97;383;145;249;199;114;211;229;50;177;16;354;9;50;31;246;3457;314;187;158;203;687;639;37;398;108;338;164;74;150;392;124;44;33;41;53;61;36;1510;1072;237;98;103;590;36;24;38;51;22;84;44;57;36;41;61;59;37;3588;24;43;159;71;130;1970;19;226;946;291;164;127
женщины 17;14750;732;385;118;190;39;456;139;54;25;55;37;146;3790;1359;108;392;129;221;160;72;182;214;64;183;33;346;9;48;30;240;3508;323;193;162;209;668;697;36;406;105;338;156;71;144;328;106;31;26;30;43;48;44;1550;1119;238;94;99;551;33;23;35;49;20;79;40;52;34;38;58;56;34;3522;23;43;156;71;128;1934;18;221;928;313;176;137
женщины 18;13716;568;325;70;138;35;348;93;50;18;43;26;118;3494;1390;79;360;129;232;139;72;167;143;56;133;28;290;8;41;25;202;3122;275;169;136;169;593;606;33;382;88;291;167;73;140;267;64;24;26;35;43;40;35;1425;1000;226;88;111;553;38;15;38;60;24;91;48;40;30;36;46;52;35;3712;13;33;117;52;60;2416;14;168;839;227;127;100
женщины 19;12553;576;337;65;149;25;282;88;18;15;35;30;96;3086;1248;76;334;112;161;108;73;159;126;41;119;25;258;7;36;23;180;2935;253;155;126;155;614;552;30;352;81;267;154;68;128;285;75;17;24;37;50;39;43;1315;912;210;85;108;459;33;13;29;50;23;77;37;31;26;28;40;45;27;3380;9;28;102;35;41;2224;12;155;774;235;136;99
женщины 20;11785;490;287;57;118;28;263;76;45;18;21;19;84;2929;1129;73;207;106;205;107;53;182;139;57;131;19;268;7;37;23;186;2794;258;131;121;155;551;516;33;312;85;274;160;69;129;278;108;17;24;36;48;14;31;1356;1010;174;88;84;414;27;19;19;48;23;72;20;21;34;22;47;40;22;3054;12;30;117;48;49;1922;9;186;681;207;121;86
женщины 21;11413;468;246;82;112;28;292;83;28;14;31;34;102;2810;1093;77;246;98;174;107;62;125;133;34;123;28;261;7;37;23;182;2783;264;133;124;158;568;549;28;309;78;260;138;61;113;268;128;26;15;25;33;24;17;1279;937;168;88;86;414;25;18;21;45;21;72;21;22;34;25;46;41;23;2886;14;29;114;55;59;1795;10;174;636;213;113;100
женщины 22;12357;521;263;84;129;45;283;78;29;19;25;29;103;3112;1060;88;232;112;225;121;67;157;183;56;151;32;323;8;45;28;224;2954;275;139;129;165;587;561;33;327;89;285;161;71;132;250;110;16;7;28;39;37;13;1338;950;182;102;104;477;29;19;26;50;23;83;25;27;40;30;52;45;28;3213;23;35;137;88;94;1950;10;188;688;209;122;87
женщины 23;12167;540;286;73;151;30;281;80;29;13;32;29;98;3073;1075;65;241;109;203;159;64;156;160;37;156;13;324;9;46;29;227;2948;275;139;129;165;616;524;33;327;89;286;162;71;132;283;154;30;14;29;22;31;3;1279;905;175;98;101;501;29;19;28;53;24;87;27;29;41;32;54;47;31;3034;23;34;132;90;96;1829;10;176;644;228;112;116
женщины 24;13080;508;249;73;159;27;308;89;25;25;43;26;100;3491;1196;103;223;132;228;146;69;187;180;65;191;21;384;10;54;34;268;3158;302;153;142;181;681;583;31;353;88;296;154;68;126;274;199;22;12;4;17;13;7;1390;994;187;104;105;557;32;20;32;58;26;97;31;33;46;37;59;51;35;3151;21;34;134;83;89;1918;10;185;677;243;131;112
женщины 25;13575;589;302;96;144;47;342;85;46;23;40;33;115;3483;1253;104;211;133;201;154;76;195;160;51;175;21;384;10;54;34;267;3352;392;144;123;185;709;670;30;342;94;325;146;62;130;321;210;10;11;22;40;28;0;1269;938;152;76;103;494;25;18;34;66;29;97;26;32;30;28;33;42;34;3498;26;27;111;93;85;2282;12;150;712;227;132;95
женщины 26;14200;612;328;71;177;36;322;85;31;12;50;28;116;3743;1418;83;258;130;236;154;67;162;173;48;160;33;421;11;59;37;293;3373;403;148;126;190;715;668;29;349;93;326;141;60;125;328;205;15;13;41;18;31;5;1351;1025;157;73;96;492;25;18;34;65;29;97;26;32;30;28;33;41;34;3742;14;22;103;50;46;2537;9;167;794;237;173;64
женщины 27;13139;659;357;76;190;36;316;96;45;11;37;36;91;3230;1327;53;235;118;180;130;48;161;141;32;140;4;339;9;47;30;236;2982;365;134;114;173;665;562;24;313;78;284;117;49;104;254;153;23;12;24;21;17;4;1415;1116;158;63;78;438;23;17;29;59;27;85;22;27;27;24;31;38;29;3665;7;19;95;27;24;2526;8;167;792;180;141;39
женщины 28;13665;740;374;115;205;46;367;110;52;18;39;27;121;3399;1678;18;317;131;116;99;37;153;56;18;111;2;339;9;48;30;237;2557;320;117;100;151;544;542;18;270;61;234;86;37;77;232;154;12;10;12;20;20;4;1675;1402;174;49;50;350;18;17;19;51;23;69;15;18;23;16;28;34;19;4170;3;19;102;11;10;2912;8;192;913;175;127;48
женщины 29;15226;814;404;107;257;46;438;140;50;23;53;37;135;4044;1926;41;380;149;165;98;37;187;45;21;144;5;434;11;61;38;302;2849;356;130;113;169;630;626;19;297;62;249;86;36;76;248;119;18;14;14;44;25;14;1854;1533;195;61;65;371;17;18;19;55;25;74;16;19;26;15;30;37;20;4387;3;19;106;10;10;3067;9;202;961;221;165;56
женщины 30;17117;864;463;111;246;44;458;134;44;32;64;37;147;4743;2155;69;441;137;146;150;66;211;96;33;187;16;531;14;74;47;370;3367;382;189;131;192;754;696;29;388;72;319;94;35;86;280;139;16;24;19;26;34;22;2000;1643;190;82;85;388;21;14;27;63;25;65;15;22;23;28;26;40;19;4747;2;20;116;11;23;3035;13;231;1296;270;173;97
женщины 31;18475;981;535;121;274;51;600;192;71;35;73;49;180;5217;2377;55;459;198;186;161;65;217;137;25;209;0;578;15;81;51;403;3692;415;206;143;209;907;733;30;418;75;338;96;35;87;304;108;13;36;32;33;62;20;2005;1630;193;87;95;394;21;14;29;64;24;66;16;23;22;29;26;40;20;5013;6;21;130;29;61;3162;15;240;1349;269;194;75
женщины 32;20953;1080;606;132;289;53;655;212;85;35;86;47;190;5842;2474;75;506;223;246;229;79;214;208;47;250;14;654;17;92;58;456;4522;503;250;173;253;1201;880;33;503;86;397;107;39;97;301;135;24;16;16;22;62;26;2100;1691;204;97;108;408;21;14;31;66;24;67;17;25;23;31;27;41;21;5742;9;26;153;42;87;3602;16;273;1534;303;209;94
женщины 33;22705;1213;642;166;336;69;697;227;91;49;88;52;190;6259;2644;85;372;213;322;254;127;294;220;39;261;15;723;19;102;64;505;5277;601;298;207;302;1295;1080;39;599;100;471;125;46;114;323;150;24;19;24;29;52;25;2160;1721;212;106;121;436;23;14;34;70;25;72;19;27;24;34;28;43;23;5960;13;28;167;61;126;3695;18;280;1572;380;276;104
женщины 34;23196;1322;683;177;389;73;802;292;102;46;88;62;212;6219;2602;95;399;254;293;212;146;266;267;61;282;7;684;18;96;60;477;5428;623;310;214;314;1328;1072;41;624;106;494;132;49;121;453;188;35;35;32;60;61;42;2201;1745;216;112;128;440;22;14;35;69;26;72;20;27;23;37;29;41;25;5961;14;27;166;57;120;3702;18;280;1577;370;270;100
женщины 35;22520;1310;690;177;370;73;769;273;81;36;91;57;231;6108;2532;92;387;214;328;213;132;305;285;58;312;7;637;17;89;56;444;5482;553;312;239;282;1326;1141;52;693;106;472;121;66;119;415;171;41;19;33;61;60;30;2318;1843;259;116;100;512;26;24;32;85;26;69;43;29;31;19;51;53;24;5234;14;33;170;53;126;3024;34;280;1500;372;243;129
женщины 36;22863;1325;664;173;409;79;801;268;83;52;94;53;251;6323;2540;152;435;245;344;247;155;276;288;65;297;4;654;17;92;57;455;5378;558;315;241;285;1270;1068;52;699;107;476;121;66;120;415;161;19;41;36;50;86;22;2232;1759;251;117;105;514;26;23;34;83;25;69;45;30;30;20;50;53;26;5529;15;36;180;59;140;3188;36;295;1580;346;237;109
женщины 37;23434;1363;701;203;384;75;775;269;77;44;98;59;228;6349;2540;130;443;243;404;245;144;297;285;83;279;10;638;17;90;56;445;5542;562;318;243;287;1302;1164;54;705;109;482;125;68;123;424;189;20;34;33;55;72;21;2346;1837;267;127;115;493;25;23;31;81;25;67;41;28;29;18;50;51;24;5784;19;37;193;71;169;3312;38;306;1639;358;244;114
женщины 38;23027;1377;693;194;417;73;807;245;100;42;100;60;260;6014;2429;139;443;214;367;218;144;292;309;77;234;28;575;15;80;50;400;5532;564;319;244;288;1241;1197;54;709;110;486;126;69;125;440;196;49;34;34;32;46;49;2275;1772;260;127;116;491;25;22;32;81;24;66;42;28;29;19;49;50;24;5691;20;37;192;76;183;3244;37;299;1603;400;265;135
женщины 39;21871;1300;629;195;410;66;773;270;78;38;101;62;224;5991;2406;152;421;260;365;263;128;251;297;74;247;23;566;15;79;50;394;5106;529;298;228;270;1183;1012;52;664;106;458;121;65;120;416;166;33;19;53;61;61;23;2129;1656;243;120;110;436;22;20;29;73;21;58;37;24;26;16;44;45;21;5352;21;35;183;79;191;3033;35;280;1495;368;235;133
женщины 40;22589;1251;632;194;364;61;797;247;81;52;87;62;268;6100;2423;172;401;212;461;245;150;244;338;68;233;23;579;15;81;51;404;5392;568;296;245;296;1185;1160;51;704;112;467;121;61;126;420;152;50;36;39;43;66;34;2456;1933;291;120;112;414;23;15;25;57;26;70;26;28;24;16;40;48;16;5408;26;40;203;99;165;2982;30;351;1512;351;230;121
женщины 41;21774;1353;662;208;397;86;838;239;104;38;105;87;265;5875;2263;134;434;227;424;251;160;318;296;61;265;41;514;13;72;45;357;5042;531;277;229;277;1134;1028;50;663;107;444;118;59;125;447;163;32;19;38;87;68;40;2267;1765;271;118;113;410;22;16;25;55;25;69;26;27;24;17;40;47;17;5168;26;39;197;104;175;2833;29;332;1433;374;241;133
женщины 42;22113;1255;606;180;380;89;786;219;90;42;109;79;247;6186;2524;152;417;221;396;261;137;264;308;84;276;30;572;15;80;50;399;5088;542;283;234;283;1149;1053;47;670;103;440;111;56;117;428;161;46;24;36;66;63;32;2265;1767;270;117;111;408;23;16;24;55;25;69;26;27;24;16;40;47;16;5322;28;40;204;110;184;2912;29;342;1473;375;232;143
женщины 43;21679;1193;558;196;374;65;822;235;85;45;113;79;265;5998;2493;151;431;217;388;207;155;291;317;83;273;43;486;13;68;43;339;4944;523;272;226;273;1191;980;45;644;99;422;105;53;111;394;151;48;24;34;56;60;21;2232;1738;267;116;111;392;21;15;24;53;24;66;25;26;23;16;38;45;16;5333;29;41;205;115;193;2909;30;341;1470;371;232;139
женщины 44;22107;1213;612;204;320;77;868;224;118;43;127;88;268;6236;2523;181;435;229;432;255;148;298;346;83;257;41;517;14;72;45;360;5008;532;277;230;278;1186;972;48;659;103;437;112;56;118;407;147;45;31;34;52;56;42;2252;1754;269;117;112;388;21;14;23;53;24;65;25;25;23;16;38;45;16;5420;30;42;210;120;201;2951;31;345;1490;315;195;120
женщины 45;21808;1195;619;189;316;71;879;211;136;42;118;75;297;5979;2477;140;391;201;364;246;148;315;343;102;248;44;492;13;69;43;343;5028;439;258;253;326;1143;1032;51;679;112;456;106;69;104;394;144;41;21;43;66;46;33;2445;1949;275;113;108;413;26;20;25;48;26;62;15;22;32;29;52;38;18;5166;38;55;218;137;179;2794;25;339;1381;309;201;108
женщины 46;21292;1251;602;204;346;99;870;190;133;44;118;83;302;5979;2370;147;442;230;412;263;176;314;321;52;266;48;481;13;67;42;335;4864;424;250;246;315;1093;996;50;659;109;445;106;68;103;374;122;43;18;36;63;69;23;2372;1887;266;112;107;407;26;19;26;45;25;61;16;23;30;30;51;37;18;4884;36;52;207;132;174;2638;22;319;1304;291;182;109
женщины 47;20555;1203;596;201;337;69;813;171;97;42;131;85;287;5717;2362;150;418;246;344;204;130;277;297;70;251;38;477;12;67;42;332;4723;411;242;238;305;1059;942;51;643;108;440;109;69;106;427;142;47;24;39;77;60;38;2248;1793;251;105;99;408;26;19;26;46;25;61;16;23;30;30;51;37;18;4707;39;52;203;143;189;2515;21;304;1241;309;170;139
женщины 48;20515;1214;642;197;299;76;801;188;125;25;118;90;255;5708;2252;153;411;244;387;229;140;323;342;100;271;43;417;11;58;37;290;4739;414;243;240;307;1079;912;52;648;109;445;111;71;108;373;100;40;35;39;72;64;23;2224;1771;249;105;99;413;27;19;27;47;25;62;16;23;31;30;51;37;18;4758;36;52;202;133;175;2563;21;310;1266;285;154;131
женщины 49;19401;1203;649;193;281;80;828;170;111;40;126;100;281;5368;2186;151;381;216;345;210;159;280;320;62;251;46;390;10;55;34;272;4399;378;222;219;280;983;881;50;594;103;413;106;67;103;400;111;49;36;33;88;53;30;2109;1671;238;102;98;404;26;18;27;44;23;59;16;24;30;31;51;36;19;4397;36;48;189;131;173;2354;20;284;1162;293;162;131
женщины 50;19043;1130;593;190;266;81;769;163;97;43;117;94;255;5275;2160;131;368;217;336;207;91;278;305;59;247;30;434;11;61;38;302;4443;350;261;221;316;986;907;48;586;93;407;103;65;100;376;101;41;42;38;55;69;30;1986;1520;255;113;98;427;28;18;27;51;32;69;20;24;25;22;58;41;12;4350;41;59;197;155;175;2231;17;263;1212;287;161;126
женщины 51;17669;1059;527;198;276;58;705;161;113;36;96;75;224;4927;2038;133;408;182;294;171;131;255;286;61;212;33;370;10;52;33;258;3991;311;231;197;281;842;787;51;531;92;386;109;68;105;409;88;56;29;45;85;65;41;1765;1332;229;106;98;414;27;17;27;48;33;65;20;24;23;22;55;40;13;4114;43;57;190;158;178;2091;15;247;1135;285;145;140
женщины 52;17126;1029;504;181;253;91;668;127;96;60;103;69;213;4706;1906;126;358;223;295;169;106;272;252;58;199;47;357;9;50;31;248;3870;306;228;193;276;817;781;46;516;85;367;98;62;95;357;108;33;35;48;61;44;28;1701;1280;222;103;96;422;28;17;29;48;33;66;22;26;23;23;56;38;13;4129;44;57;191;161;181;2095;17;247;1136;244;125;119
женщины 53;16888;925;456;169;226;74;688;130;100;57;96;78;227;4698;1924;131;350;204;310;178;114;244;304;69;205;41;320;8;45;28;223;3742;296;220;187;267;792;739;45;501;84;358;98;61;94;303;75;34;20;47;66;35;26;1700;1273;223;105;99;427;28;16;29;49;33;67;22;26;23;24;57;39;14;4185;49;61;199;182;205;2094;16;246;1133;220;111;109
женщины 54;17291;968;480;175;226;87;686;148;96;47;86;80;229;4824;1995;126;406;216;301;180;105;240;298;86;163;61;332;9;46;29;231;3702;289;215;183;261;823;749;42;486;79;342;90;56;87;317;60;33;22;57;75;49;21;1714;1279;226;107;102;447;29;17;31;50;34;69;24;28;25;26;59;40;15;4328;52;63;206;190;214;2162;17;254;1170;305;152;153
женщины 55;17069;914;437;155;223;99;796;175;107;74;112;72;256;4812;1944;129;375;152;319;190;108;313;281;55;222;24;359;9;50;32;250;3755;276;219;184;252;839;790;39;474;75;361;97;59;90;377;86;36;34;37;80;71;33;1401;978;204;120;99;433;27;15;17;43;25;70;33;20;26;34;44;60;19;4264;52;78;194;185;181;2070;14;221;1269;317;166;151
женщины 56;18073;1003;496;182;214;111;872;216;121;49;113;88;285;5151;2148;117;411;198;357;188;123;301;281;93;221;53;338;9;47;30;236;3943;289;228;190;262;868;892;38;489;75;368;97;58;89;361;89;44;24;50;68;64;22;1494;1037;218;130;109;450;27;15;19;45;24;74;36;23;25;36;46;61;19;4489;55;82;207;198;195;2173;15;231;1333;310;164;146
женщины 57;19041;1038;462;214;259;103;882;267;107;61;103;94;250;5478;2235;169;418;220;374;222;129;296;351;80;221;50;365;10;51;32;255;4046;292;230;192;264;896;894;42;500;81;386;107;64;98;379;94;53;28;37;73;61;33;1599;1113;234;138;114;458;28;16;19;45;25;75;36;23;25;37;47;63;19;4799;62;88;223;220;217;2311;17;245;1416;362;175;187
женщины 58;19672;1156;530;195;313;118;960;255;124;69;120;107;285;5643;2311;170;421;245;381;225;139;308;391;88;207;61;357;9;50;31;249;4159;301;238;199;273;952;929;40;511;79;384;101;60;92;388;112;50;34;55;61;55;21;1668;1157;244;146;121;480;29;16;20;47;27;79;38;24;28;38;49;65;20;4883;62;89;226;221;218;2356;17;250;1444;335;173;162
женщины 59;20751;1193;574;226;290;103;904;222;119;71;127;96;269;6029;2391;175;470;255;413;246;172;369;383;89;241;60;393;10;55;34;273;4207;308;243;203;279;881;1011;40;521;79;389;101;60;92;420;121;43;26;65;58;64;43;1747;1212;256;152;127;510;31;17;21;51;28;83;40;25;29;41;53;70;21;5413;66;98;248;236;233;2624;19;279;1610;328;172;156
женщины 60;20499;1171;568;221;273;109;1061;293;137;71;137;108;315;6112;2395;180;529;241;470;252;137;373;404;89;266;45;374;10;53;33;261;4123;326;200;206;232;890;959;43;524;84;386;99;70;104;359;92;43;24;40;77;58;25;1381;904;233;134;110;500;33;21;12;49;44;101;26;21;35;21;62;63;12;5446;78;96;265;253;259;2573;11;315;1596;346;183;163
женщины 61;19763;1263;615;243;280;125;1151;340;145;76;136;119;335;5917;2456;185;466;211;432;212;144;341;375;115;253;54;346;9;48;30;240;3622;286;177;181;203;757;858;39;460;76;342;88;62;93;327;83;55;18;33;82;37;19;1294;852;217;124;101;434;28;17;10;44;39;89;23;19;29;19;53;54;10;5429;77;93;264;249;254;2570;12;314;1596;326;185;141
женщины 62;19103;1250;586;221;301;142;1093;291;139;73;105;127;358;5821;2344;172;454;246;436;234;140;349;412;89;209;36;359;9;50;32;250;3179;253;156;160;179;631;720;39;412;72;316;87;62;92;320;111;34;16;23;63;63;10;1295;849;218;125;103;428;27;16;10;42;38;89;23;20;29;19;52;53;10;5418;75;92;263;245;251;2569;13;314;1596;299;153;146
женщины 63;18624;1164;548;245;271;100;1112;300;151;85;125;144;307;5582;2257;190;443;229;396;212;129;338;443;97;174;65;313;8;44;27;217;2919;235;145;148;167;558;714;32;377;62;280;73;51;77;315;78;33;27;36;55;63;23;1281;840;216;124;101;404;26;16;9;41;37;83;21;18;27;17;50;50;9;5496;78;95;268;254;260;2597;13;318;1613;351;203;148
женщины 64;17506;1100;539;195;245;121;993;240;138;66;106;128;315;5432;2194;159;502;246;386;232;124;288;369;99;181;85;290;8;41;26;202;2450;197;122;125;140;478;586;27;317;53;237;61;43;64;299;91;38;11;28;63;53;15;1240;812;209;120;99;397;26;15;10;39;35;82;21;18;26;17;49;49;10;5309;74;90;258;240;245;2518;12;308;1564;286;161;125
женщины 65;17566;1028;475;213;238;102;1049;234;157;65;140;115;338;5643;2295;202;455;250;434;221;147;336;441;90;161;66;279;7;39;25;195;2354;257;110;153;110;386;586;33;278;60;202;55;56;68;259;86;33;24;15;54;38;9;913;547;171;116;79;343;23;14;9;41;26;64;20;18;24;14;40;44;6;5683;70;86;260;227;269;2824;7;358;1582;294;152;142
женщины 66;16896;892;385;193;207;107;1006;233;160;60;113;124;316;5467;2213;198;457;253;403;208;160;304;411;75;197;77;262;7;37;23;182;1948;216;91;128;91;320;446;31;235;53;175;49;52;61;265;82;27;9;23;53;52;19;917;553;170;116;78;335;22;14;7;40;25;63;20;17;23;14;40;43;7;5783;69;85;262;227;269;2883;7;365;1616;283;153;130
женщины 67;15150;907;433;193;192;89;1018;238;143;70;135;112;320;5005;2041;163;450;196;352;186;131;278;401;112;156;70;241;6;34;21;167;1659;188;79;112;79;277;376;25;203;44;147;39;41;49;218;50;30;16;27;37;37;21;822;493;153;105;71;300;19;14;6;36;22;56;18;15;21;12;36;39;6;4978;59;73;225;193;230;2485;6;315;1392;243;139;104
женщины 68;14662;754;325;182;180;67;916;212;127;41;121;107;308;5002;2094;136;454;219;366;185;111;325;386;81;153;58;222;6;31;20;155;1440;159;67;95;67;203;339;25;175;43;134;41;42;50;193;63;28;1;21;55;16;9;818;497;152;101;68;287;18;13;6;35;21;53;17;14;20;12;34;38;6;5029;57;73;226;187;222;2523;6;320;1415;223;124;99
женщины 69;13968;806;395;181;170;60;908;181;156;46;90;106;329;4783;2032;153;418;180;344;156;122;289;374;94;157;48;212;6;30;19;149;1240;143;60;85;60;196;290;18;154;32;109;28;30;35;121;22;19;11;25;25;16;3;767;468;142;95;62;253;16;11;5;31;19;48;14;12;18;10;30;34;5;4884;53;70;218;172;205;2464;6;313;1383;206;105;101
женщины 70;12643;699;336;141;148;74;871;183;136;47;112;103;290;4332;1925;120;397;207;301;169;115;237;337;61;160;49;131;3;18;11;91;1089;160;45;91;39;105;253;12;165;38;85;36;35;25;170;53;16;13;19;37;26;6;364;194;70;57;43;258;25;15;6;24;26;36;11;15;17;12;39;25;7;4681;56;69;202;134;205;2486;0;297;1232;179;101;78
женщины 71;12912;675;303;161;144;67;858;160;121;41;119;119;298;4603;2030;133;419;219;320;178;125;259;365;65;172;48;139;4;19;12;96;952;139;38;76;32;88;215;11;142;32;79;36;37;27;112;36;10;7;13;26;16;4;353;191;67;54;41;214;20;12;5;18;23;33;8;12;18;8;31;20;6;4954;57;71;215;138;209;2640;0;315;1309;191;114;77
женщины 72;9853;670;334;156;121;59;878;169;139;42;113;112;303;3388;1517;94;313;162;237;130;90;182;260;44;126;34;102;3;14;9;71;699;105;29;57;24;66;162;7;107;22;56;23;24;17;94;30;8;6;11;22;13;4;295;160;56;45;34;175;16;10;5;14;18;26;7;11;14;7;26;16;5;3499;37;49;150;91;137;1878;0;225;932;155;83;72
женщины 73;9031;445;218;93;81;53;533;110;74;34;57;66;192;3213;1429;91;295;153;225;123;86;176;250;44;120;32;96;3;14;9;67;597;87;24;47;20;55;134;7;89;20;50;23;24;17;94;30;8;6;11;22;13;4;268;148;51;40;29;168;16;10;4;14;17;25;6;10;13;7;25;16;5;3562;37;49;151;90;136;1918;0;229;952;151;83;68
женщины 74;8339;448;215;96;89;48;605;99;105;39;79;66;217;2977;1334;82;275;142;209;114;78;159;228;39;110;29;91;2;13;8;64;424;62;17;34;15;40;96;5;64;14;35;15;16;11;80;26;7;5;9;19;11;3;224;123;42;34;25;138;12;8;4;12;14;21;5;8;12;5;20;13;4;3357;34;47;142;81;123;1813;0;217;900;86;52;34
женщины 75;4997;316;144;79;65;28;390;71;60;18;49;55;137;1735;783;47;162;83;122;66;45;91;131;22;64;17;53;1;7;5;36;304;43;12;23;10;27;66;4;45;11;26;13;14;10;40;13;3;2;5;9;6;2;132;75;25;19;13;104;10;6;3;8;10;16;4;7;8;4;15;10;3;1914;19;27;81;47;71;1033;0;123;513;62;36;26
женщины 76;3604;201;112;48;32;9;269;30;50;11;38;39;101;1329;589;38;122;63;93;51;35;73;104;18;49;13;41;1;6;4;29;207;30;8;17;7;19;47;2;31;7;17;8;8;6;40;13;3;2;5;9;6;2;98;56;18;14;10;75;7;4;2;6;8;12;3;4;6;3;11;7;2;1334;14;19;57;33;50;718;0;86;357;51;34;17
женщины 77;2910;162;82;52;20;8;221;30;37;10;39;18;87;1003;440;29;91;48;69;39;28;57;81;14;37;10;31;1;4;3;21;194;27;7;14;6;16;40;3;27;7;18;10;11;8;27;9;2;2;3;6;4;1;93;51;18;14;10;58;6;4;1;5;6;9;2;3;5;2;8;5;2;1108;13;16;48;31;46;590;0;71;293;44;21;23
женщины 78;4057;137;65;40;21;11;146;21;22;12;16;20;55;1495;668;42;138;71;105;57;39;81;115;20;55;15;46;1;6;4;32;246;35;10;19;8;23;55;3;37;8;21;10;10;7;34;11;3;2;4;8;5;1;133;73;25;20;15;73;7;5;2;6;7;11;2;4;6;3;11;7;2;1697;20;25;75;49;74;900;0;107;447;96;46;50
женщины 79;6516;234;112;66;26;30;303;37;46;19;45;37;119;2432;1086;68;224;116;170;93;64;132;188;31;90;25;74;2;10;7;52;272;37;10;20;9;23;57;4;39;10;25;14;14;10;40;13;3;2;5;9;6;2;201;110;38;31;22;81;7;5;2;7;9;12;3;4;7;3;13;7;2;2868;35;42;127;84;127;1519;0;181;753;85;51;34
женщины 80;6142;265;134;76;40;15;366;58;70;18;47;39;134;2198;981;61;203;105;154;85;58;119;169;29;82;22;67;2;9;6;46;271;38;10;21;9;24;59;4;39;10;24;12;12;9;24;8;2;1;3;6;3;1;205;110;39;32;24;86;8;5;2;7;9;13;3;5;8;3;13;8;2;2640;32;39;117;78;118;1397;0;167;692;87;54;33
женщины 81;6321;283;138;81;35;29;377;53;49;30;61;44;140;2257;1007;63;208;108;158;87;60;122;174;30;84;22;68;2;10;6;48;278;40;11;21;9;25;61;4;40;10;24;12;12;9;24;8;2;1;3;6;3;1;211;113;40;33;25;90;8;5;2;8;9;14;3;5;8;3;14;8;3;2712;33;39;120;81;122;1435;0;171;711;89;55;34
женщины 82;6014;310;147;88;36;39;387;41;73;19;54;50;150;2121;947;60;195;101;148;81;56;115;164;28;79;21;64;2;9;6;45;259;37;10;20;9;23;57;3;38;9;22;11;12;8;22;7;2;1;3;5;3;1;198;106;38;31;23;84;8;5;2;7;9;13;3;5;7;3;12;8;2;2550;31;37;112;76;115;1349;0;161;669;83;51;32
женщины 83;5633;269;133;73;30;33;370;54;51;27;59;53;126;2000;896;55;185;96;141;77;53;107;154;26;74;20;60;2;8;5;41;244;36;10;19;8;22;54;3;36;8;21;10;10;7;21;7;2;1;2;5;3;1;183;100;34;28;21;75;7;5;2;6;8;11;3;4;6;3;11;7;2;2393;27;35;104;67;101;1275;0;152;632;78;49;29
женщины 84;4127;185;86;48;26;25;356;47;63;28;48;50;120;1423;633;40;131;68;100;55;38;78;111;19;52;14;43;1;6;4;30;178;25;7;13;6;16;38;3;26;6;16;8;8;6;16;5;1;1;2;4;2;1;136;71;26;22;17;58;6;4;1;5;6;9;2;3;5;2;8;5;2;1719;22;26;77;54;82;903;0;108;447;56;34;22
женщины 85;2954;141;64;45;14;18;287;45;55;23;35;41;88;903;393;27;81;43;62;35;26;52;73;13;34;10;28;1;4;2;19;122;17;5;9;4;10;25;2;17;5;11;6;6;5;6;2;1;0;1;1;1;0;91;45;17;16;13;45;4;3;1;3;4;7;2;3;4;2;7;4;1;1313;17;19;59;41;63;690;0;82;342;46;22;24
женщины 86;2206;109;53;26;8;22;204;31;26;17;34;21;75;679;296;20;61;32;47;27;19;39;55;10;25;7;20;1;3;2;15;92;13;3;7;3;8;19;1;13;3;8;5;5;4;3;1;0;0;0;1;1;0;68;34;13;12;9;32;3;1;1;3;3;5;1;2;3;1;5;3;1;984;12;14;44;30;46;519;0;62;257;35;18;17
женщины 87;1772;94;42;23;14;15;122;16;20;12;18;13;43;557;242;17;50;27;38;21;16;33;46;8;21;6;18;0;2;1;11;77;11;3;6;2;6;16;1;11;3;7;4;4;3;2;1;0;0;0;1;0;0;56;28;11;9;8;29;2;1;1;2;3;5;1;2;3;1;4;3;1;806;10;12;36;25;38;424;0;51;210;29;15;14
женщины 88;1882;95;41;34;6;14;125;24;20;8;21;12;40;594;258;18;53;28;41;23;17;34;48;9;22;6;19;0;3;2;13;82;11;3;6;3;7;17;1;12;3;8;4;4;3;3;1;0;0;0;1;1;0;59;30;11;10;8;31;3;1;1;2;3;5;1;2;3;1;5;3;1;862;11;13;38;28;42;452;0;54;224;31;15;16
женщины 89;1566;82;54;13;7;8;117;12;16;12;18;22;37;488;212;15;44;24;34;19;14;29;39;7;19;5;14;0;2;1;10;69;10;2;5;2;6;14;1;10;3;6;3;4;3;2;1;0;0;0;1;0;0;49;24;9;9;7;25;2;1;1;2;3;3;1;2;2;1;4;2;1;709;9;11;32;23;34;372;0;44;184;25;12;13
женщины 90;1518;43;20;15;6;2;71;11;15;5;4;11;25;500;217;15;45;24;35;19;14;29;41;7;19;5;16;0;2;1;11;71;10;3;5;2;6;14;1;10;3;6;4;4;3;2;1;0;0;0;1;0;0;50;25;9;9;7;26;2;1;1;2;3;4;1;2;2;1;4;2;1;728;10;11;33;24;36;381;0;45;188;27;13;14
женщины 91;1068;44;23;12;4;5;57;4;13;2;15;2;21;346;150;11;31;16;24;14;9;21;28;5;13;4;11;0;1;1;7;46;6;2;3;1;4;10;1;6;2;4;2;3;2;1;1;0;0;0;0;0;0;34;17;6;6;5;20;2;1;1;2;1;3;1;1;1;1;3;2;1;502;7;7;23;16;25;263;0;31;130;18;9;9
женщины 92;934;38;20;6;5;7;60;5;10;8;6;5;26;299;129;9;27;14;21;11;8;18;25;5;11;3;10;0;1;1;6;38;5;1;3;1;3;8;1;5;1;4;2;2;2;1;1;0;0;0;0;0;0;30;15;6;5;4;18;2;1;0;2;1;3;1;1;1;1;2;2;1;435;6;7;20;15;22;226;0;27;112;15;7;8
женщины 93;652;24;12;8;1;3;31;4;2;0;6;7;12;214;93;7;19;11;14;8;6;12;18;3;8;2;6;0;1;1;5;30;4;1;2;1;2;6;1;4;1;3;2;2;1;0;0;0;0;0;0;0;0;22;11;4;4;3;10;1;0;0;1;1;2;0;1;1;0;2;1;0;310;4;5;14;10;15;162;0;19;81;11;6;5
женщины 94;496;25;11;5;3;6;28;9;1;3;2;4;9;160;70;4;14;8;11;7;4;10;13;2;6;1;5;0;1;0;4;22;3;1;2;1;2;4;0;3;1;2;1;1;1;0;0;0;0;0;0;0;0;16;8;3;3;2;5;0;0;0;0;1;1;0;1;0;0;2;0;0;232;3;4;11;7;11;121;0;14;61;8;4;4
женщины 95;363;19;10;2;3;4;21;4;4;0;8;0;5;118;51;4;11;5;8;5;4;7;10;2;4;1;4;0;0;0;2;16;2;1;1;1;1;3;0;2;0;2;1;1;1;0;0;0;0;0;0;0;0;12;6;2;2;2;1;0;0;0;0;0;1;0;0;0;0;0;0;0;170;2;2;8;5;8;90;0;11;44;6;3;3
женщины 96;252;9;5;3;1;0;5;1;1;1;0;2;0;87;38;3;8;4;6;3;3;5;7;1;3;1;3;0;0;0;2;12;2;0;1;0;1;2;0;2;0;2;1;1;0;0;0;0;0;0;0;0;0;8;4;2;1;1;0;0;0;0;0;0;0;0;0;0;0;0;0;0;126;2;2;6;4;6;66;0;8;32;5;2;3
женщины 97;165;13;10;2;0;1;3;0;0;0;1;0;2;55;24;1;5;2;4;2;1;3;5;0;2;0;4;0;0;0;2;6;1;0;1;0;1;2;0;1;0;0;0;0;0;0;0;0;0;0;0;0;0;6;3;1;1;1;0;0;0;0;0;0;0;0;0;0;0;0;0;0;79;1;1;3;2;3;43;0;5;21;3;2;1
женщины 98;91;4;2;2;0;0;1;0;0;0;0;0;1;33;15;1;3;1;2;1;1;1;2;0;1;0;3;0;0;0;2;3;1;0;0;0;0;1;0;1;0;0;0;0;0;0;0;0;0;0;0;0;0;2;2;0;0;0;0;0;0;0;0;0;0;0;0;0;0;0;0;0;46;1;0;2;1;2;25;0;3;12;2;1;1
женщины 99;74;7;5;1;0;1;1;0;0;0;1;0;0;26;12;1;2;1;2;1;1;1;2;0;1;0;1;0;0;0;1;3;1;0;0;0;0;1;0;1;0;0;0;0;0;0;0;0;0;0;0;0;0;1;1;0;0;0;0;0;0;0;0;0;0;0;0;0;0;0;0;0;35;0;0;1;1;1;20;0;2;10;1;1;0
женщины 100;199;6;3;1;0;2;1;1;0;0;0;0;0;73;33;2;7;3;5;3;2;4;6;1;3;1;2;0;0;0;1;6;1;0;1;0;1;2;0;1;0;0;0;0;0;0;0;0;0;0;0;0;0;7;4;1;1;1;0;0;0;0;0;0;0;0;0;0;0;0;0;0;103;1;1;4;2;3;57;0;7;28;3;2;1
;;;;;;;;;;;;;;;;;;;;;;;;;;;;;;;;;;;;;;;;;;;;;;;;;;;;;;;;;;;;;;;;;;;;;;;;;;;;;;;;;;;;;
